title,date,author,link
Генсек ООН: мутации коронавируса могут привести к большей смертности,22:28,Жанна  Звягина,https://www.pnp.ru/social/gensek-oon-mutacii-covid-19-mogut-privesti-k-bolshey-smertnosti.html
"Слуцкий: Россия готова принять делегатов ПАСЕ, но призывает к тематическому мониторингу",22:05,Жанна  Звягина,https://www.pnp.ru/politics/sluckiy-rossiya-gotova-prinyat-delegatov-pase-no-prizyvaet-k-tematicheskomu-monitoringu.html
Росстат оценил спад промышленного производства по итогам 2020 года,21:46,Жанна  Звягина,https://www.pnp.ru/economics/rosstat-ocenil-spad-promyshlennogo-proizvodstva-po-itogam-2020-goda.html
Толстой: Россия готова работать с участниками заседаний ПАСЕ только на равных,21:22,Жанна  Звягина,https://www.pnp.ru/politics/tolstoy-rossiya-gotova-rabotat-s-uchastnikami-zasedaniy-pase-tolko-na-ravnykh.html
Россия сняла ограничения на въезд для граждан четырех стран,21:07,Елена Ботороева,https://www.pnp.ru/social/rossiya-snyala-ogranicheniya-na-vezd-dlya-grazhdan-chetyrekh-stran.html
Услугу по признанию дома аварийным предложили перевести в электронный вид,21:04,Жанна  Звягина,https://www.pnp.ru/economics/uslugu-po-priznaniyu-doma-avariynym-predlozhili-perevesti-v-elektronnyy-vid.html
"В программе показа отечественного кино в школе может быть до 200 фильмов, считает Шахназаров",20:53,Елена Ботороева,https://www.pnp.ru/culture/v-programme-pokaza-otechestvennogo-kino-v-shkole-mozhet-byt-do-200-filmov-schitaet-shakhnazarov.html
"В Италии выявили на 3 тысячи новых случаев коронавируса меньше, чем днем ранее",20:41,Александр  Тараканов,https://www.pnp.ru/in-world/v-italii-vyyavili-novykh-sluchaev-koronavirusa-na-3-tysyachi-menshe-chem-dnem-ranee.html
Программу развития театра на Дальнем Востоке продлят на 2021-2023 годы,20:30,Елена Ботороева,https://www.pnp.ru/social/vladimir-putin-poruchil-prodlit-programmu-razvitiya-teatra-na-dalnem-vostoke.html
В России утвердят нормативы охвата детей программами в сфере искусства,20:23,Иван Рощепий,https://www.pnp.ru/social/prezident-poruchil-okhvatit-programmami-v-sfere-iskusstva-ne-menee-14-detey.html
Путин поручил утвердить программу по консервации объектов культурного наследия,20:17,Жанна  Звягина,https://www.pnp.ru/social/putin-poruchil-utverdit-programmu-po-konservacii-obektov-kulturnogo-naslediya.html
Главы Минобрнауки и Минспорта подписали соглашение о сотрудничестве в сфере развития студенческого спорта,20:07,Светлана Заверняева,https://www.pnp.ru/social/glavy-minobrnauki-i-minsporta-podpisali-soglashenie-o-sotrudnichestve-v-sfere-razvitiya-studencheskogo-sporta.html
Патрушев и Салливан обсудили перспективы продления СНВ-3,20:02,Тамила Аскерова,https://www.pnp.ru/politics/patrushev-i-sallivan-obsudili-perspektivy-prodleniya-snv-3.html
В России могут запретить приравнивать роли СССР и Германии во Второй мировой,19:45,Тамила Аскерова,https://www.pnp.ru/politics/duma-podgotovit-proekt-o-zaprete-uravnivaniya-roli-sssr-i-germanii-vo-vtoroy-mirovoy.html
В школах могут начать изучать отечественный кинематограф,19:43,Жанна  Звягина,https://www.pnp.ru/economics/v-shkolakh-mogut-nachat-izuchat-otechestvennyy-kinematograf.html
Кабмин проработает создание надзорного органа по охране наследия народов России,19:43,Елена Ботороева,https://www.pnp.ru/social/kabmin-prorabotaet-sozdanie-nadzornogo-organa-po-okhrane-naslediya-narodov-rossii.html
Путин поручил уточнить правила доступа детей к информации с культурной ценностью,19:40,Иван Рощепий,https://www.pnp.ru/social/putin-poruchil-utochnit-vopros-dostupa-detey-k-informacii-s-kulturnoy-cennostyu.html
"Программа по трудоустройству студентов будет продолжена, заявили в Минобрнауки",19:32,Светлана Заверняева,https://www.pnp.ru/economics/programma-po-trudoustroystvu-studentov-i-vypusknikov-vuzov-budet-prodolzhena-zayavili-v-minobrnauki.html
Президент Мексики пригласил Владимира Путина посетить страну,19:29,Тамила Аскерова,https://www.pnp.ru/politics/prezident-meksiki-priglasil-vladimira-putina-posetit-stranu.html
Пушков объяснил решение ПАСЕ оспорить полномочия России ,19:20,Жанна  Звягина,https://www.pnp.ru/politics/pushkov-obyasnil-reshenie-pase-osporit-polnomochiya-rossii.html
Гендиректор ЮНЕСКО назвала образование одним из приоритетов при восстановлении после пандемии,вчера,Марьям Гулалиева,https://www.pnp.ru/social/gendirektor-yunesko-nazvala-obrazovanie-odnim-iz-prioritetov-pri-vosstanovlenii-posle-pandemii.html
Азербайджан передал армянской стороне тела 30 погибших в Карабахе солдат ,вчера,Марьям Гулалиева,https://www.pnp.ru/in-world/azerbaydzhan-peredal-armyanskoy-storone-tela-30-pogibshikh-v-karabakhe-soldat.html
Российская делегация в ПАСЕ добилась снятия с обсуждения вопроса о Крыме,вчера,Марьям Гулалиева,https://www.pnp.ru/politics/rossiyskaya-delegaciya-v-pase-dobilas-snyatiya-s-obsuzhdeniya-voprosa-o-kryme.html
Петербург впервые опередил Москву по числу заразившихся COVID-19 за неделю,вчера,Марьям Гулалиева,https://www.pnp.ru/social/peterburg-vpervye-operedil-moskvu-po-chislu-zarazivshikhsya-covid-19-za-nedelyu.html
Бальбек оценил призыв Украины выйти из единой с Россией энергосистемы,вчера,Марьям Гулалиева,https://www.pnp.ru/economics/balbek-ocenil-prizyv-ukrainy-vyyti-iz-edinoy-s-rossiey-energosistemy.html
В Португалии началось голосование на президентских выборах,вчера,Марьям Гулалиева,https://www.pnp.ru/in-world/v-portugalii-nachalos-golosovanie-na-prezidentskikh-vyborakh.html
На Ямале смягчили ограничения из-за коронавируса,вчера,Марьям Гулалиева,https://www.pnp.ru/social/na-yamale-smyagchili-ogranicheniya-iz-za-koronavirusa.html
В России выявили 21 127 заразившихся COVID-19 за сутки,вчера,Марьям Гулалиева,https://www.pnp.ru/social/v-rossii-vyyavili-21-127-zarazivshikhsya-covid-19-za-sutki.html
"У берегов Новой Зеландии произошло землетрясение магнитудой 5,8",вчера,Марьям Гулалиева,https://www.pnp.ru/incident/u-beregov-novoy-zelandii-proizoshlo-zemletryasenie-magnitudoy-58.html
В российские регионы направят средства для поддержки мукомолов и хлебопёков,вчера,Марьям Гулалиева,https://www.pnp.ru/economics/v-rossiyskie-regiony-napravyat-sredstva-dlya-podderzhki-mukomolov-i-khlebopyokov.html
В Гидрометцентре предупредили о сильных погодных аномалиях,вчера,Марьям Гулалиева,https://www.pnp.ru/social/v-gidrometcentre-predupredili-o-silnykh-pogodnykh-anomaliyakh.html
Китайский эпидемиолог призвал готовиться к затяжной войне с коронавирусом,вчера,"Иван Антонов, Пекин",https://www.pnp.ru/in-world/kitayskiy-epidemiolog-prizval-gotovitsya-k-zatyazhnoy-voyne-s-koronavirusom.html
На авиаперелёты для жителей Дальнего Востока выделили ещё 5 млрд рублей ,вчера,Марьям Гулалиева,https://www.pnp.ru/social/na-aviaperelyoty-dlya-zhiteley-dalnego-vostoka-vydelili-eshhyo-5-mlrd-rubley.html
В Италии изменили эпидемиологическую карту областей страны   ,вчера,Александр  Тараканов,https://www.pnp.ru/in-world/v-italii-izmenili-epidemiologicheskuyu-kartu-oblastey-strany.html
За нарушение правил езды на квадроциклах и снегоходах хотят ужесточить ответственность,вчера,Виталий Воловатов ,https://www.pnp.ru/social/za-narushenie-pravil-ezdy-na-kvadrociklakh-i-snegokhodakh-khotyat-uzhestochit-otvetstvennost.html
"Правительство ужесточило критерии предоставления субсидий банкам, кредитующих сельхозпроизводителей",вчера,Светлана Заверняева,https://www.pnp.ru/economics/pravitelstvo-uzhestochilo-kriterii-predostavleniya-subsidiy-bankam-kredituyushhikh-selkhozproizvoditeley.html
Госорганы хотят обязать открывать гражданам экологическую информацию,вчера,Виталий Воловатов ,https://www.pnp.ru/social/gosorgany-khotyat-obyazat-otkryvat-grazhdanam-ekologicheskuyu-informaciyu.html
Требования к кандидатам в президенты хотят обновить,вчера,Виталий Воловатов ,https://www.pnp.ru/social/trebovaniya-k-kandidatam-v-prezidenty-khotyat-obnovit.html
"Законы, вступающие в силу с 24 января",вчера,Ирина Макеева,https://www.pnp.ru/politics/zakony-vstupayushhie-v-silu-s-24-yanvarya.html
Мусоровозы с экологически опасными отходами предложили промаркировать,вчера,Анастасия Яланская,https://www.pnp.ru/economics/musorovozy-s-ekologicheski-opasnymi-otkhodami-predlozhili-promarkirovat.html
Торф и навоз не будут считаться агрохимикатами,00:32,Виталий Воловатов ,https://www.pnp.ru/economics/torf-i-navoz-ne-budut-schitatsya-agrokhimikatami.html
"Законы, вступающие в силу с 25 января",00:30,Ирина Макеева,https://www.pnp.ru/politics/zakony-vstupayushhie-v-silu-s-25-yanvarya.html
Мусоровозы с экологически опасными отходами хотят отметить особыми знаками,00:27,Виталий Воловатов ,https://www.pnp.ru/economics/musorovozy-s-ekologicheski-opasnymi-otkhodami-khotyat-otmetit-osobymi-znakami.html
Инкассаторам разрешат задерживать грабителей банка,00:22,Виталий Воловатов ,https://www.pnp.ru/social/inkassatoram-razreshat-zaderzhivat-grabiteley-banka.html
Почему российские студенты отмечают Татьянин день,00:17,Анастасия Яланская,https://www.pnp.ru/social/pochemu-rossiyskie-studenty-otmechayut-tatyanin-den.html
"В Совете Федерации выяснят, как обстоят дела с жильём для инвалидов",00:12,Евгения Филиппова,https://www.pnp.ru/social/v-sovete-federacii-vyyasnyat-kak-obstoyat-dela-s-zhilyom-dlya-invalidov.html
В Сербии выявили «британский» штамм коронавируса,вчера,Марьям Гулалиева,https://www.pnp.ru/in-world/v-serbii-vyyavili-britanskiy-shtamm-koronavirusa.html
СМИ: в Италии всё более реальной становится перспектива досрочных выборов,вчера,Александр  Тараканов,https://www.pnp.ru/in-world/smi-v-italii-vsyo-bolee-realnoy-stanovitsya-perspektiva-dosrochnykh-vyborov.html
"Врач назвал симптом COVID-19, от которого сложнее всего восстановиться",вчера,Иван Рощепий,https://www.pnp.ru/social/vrach-nazval-simptom-covid-19-ot-kotorogo-slozhnee-vsego-vosstanovitsya.html
"Европа и США при Байдене будут сотрудничать на новой основе, считает глава МИД Франции ",вчера,Марьям Гулалиева,https://www.pnp.ru/in-world/evropa-i-ssha-pri-baydene-budut-sotrudnichat-na-novoy-osnove-schitaet-glava-mid-francii.html
Посол: Год межрегиональных обменов между Россией и Японией собрал более 380 тысяч человек,вчера,Марьям Гулалиева,https://www.pnp.ru/social/posol-god-mezhregionalnykh-obmenov-mezhdu-rossiey-i-yaponiey-sobral-bolee-380-tysyach-chelovek.html
Учёные выявили связь между расой и смертностью от COVID-19,вчера,Иван Рощепий,https://www.pnp.ru/social/uchyonye-vyyavili-svyaz-mezhdu-rasoy-i-smertnostyu-ot-covid-19.html
Захарова заявила о глубочайшем кризисе западной идеологии ,вчера,Марьям Гулалиева,https://www.pnp.ru/politics/zakharova-zayavila-o-glubochayshem-krizise-zapadnoy-ideologii.html
Египет зарегистрирует российскую вакцину от коронавируса,вчера,Марьям Гулалиева,https://www.pnp.ru/in-world/egipet-zaregistriruet-rossiyskuyu-vakcinu-ot-koronavirusa.html
Путин в Татьянин день пообщается со студентами,вчера,Марьям Гулалиева,https://www.pnp.ru/social/putin-v-tatyanin-den-poobshhaetsya-so-studentami.html
В горах Карачаево-Черкессии сохраняется угроза схода лавины,вчера,Марьям Гулалиева,https://www.pnp.ru/incident/v-gorakh-karachaevo-cherkessii-sokhranyaetsya-ugroza-skhoda-laviny.html
Комитет Госдумы сделает отчёт о фейках про пострадавших на незаконных акциях,вчера,Марьям Гулалиева,https://www.pnp.ru/politics/komitet-gosdumy-sdelaet-otchyot-o-feykakh-pro-postradavshikh-na-nezakonnykh-akciyakh.html
Климов: за несогласованными акциями в России видны действия иностранных государств,вчера,Марьям Гулалиева,https://www.pnp.ru/politics/klimov-za-nesoglasovannymi-akciyami-v-rossii-vidny-deystviya-inostrannykh-gosudarstv.html
"Москва готова на гибкость в отношениях с Вашингтоном, заявил Песков",вчера,Марьям Гулалиева,https://www.pnp.ru/politics/moskva-gotova-na-gibkost-v-otnosheniyakh-s-vashingtonom-zayavil-peskov.html
Песков: Россия рассчитывает на налаживание диалога с США ,вчера,Марьям Гулалиева,https://www.pnp.ru/politics/peskov-rossiya-rasschityvaet-na-nalazhivanie-dialoga-s-ssha.html
Завальный считает преждевременными ограничения для «умных» счётчиков,16:05,Сергей  Домущий,https://www.pnp.ru/economics/zavalnyy-schitaet-prezhdevremennymi-ogranicheniya-dlya-umnykh-schetchikov.html
Путин поздравил студентов и аспирантов с Татьяниным днём,15:59,Елена Ботороева,https://www.pnp.ru/social/putin-pozdravil-studentov-i-aspirantov-s-tatyaninym-dnem.html
"Онлайн-формат не мог не сказаться на качестве учёбы, считает Путин",15:54,Алёна Анисимова,https://www.pnp.ru/social/onlayn-format-ne-mog-ne-skazatsya-na-kachestve-uchyoby-schitaet-putin.html
Владимир Путин выступит на Давосском форуме,15:53,Тамила Аскерова,https://www.pnp.ru/politics/putin-vystupit-na-vsemirnom-ekonomicheskom-forume-v-davose.html
Толстой прокомментировал своё назначение зампредом ПАСЕ,15:41,Мария Соколова,https://www.pnp.ru/social/tolstoy-prokommentiroval-svoe-naznachenie-zampredom-pase.html
Матвиенко поздравила студентов и преподавателей МГУ с Татьяниным днём,15:37,Елена Ботороева,https://www.pnp.ru/social/matvienko-pozdravila-studentov-i-prepodavateley-mgu-s-tatyaninym-dnem.html
В России увеличили максимальный размер пособия по беременности и родам,15:33,Алёна Анисимова,https://www.pnp.ru/social/v-rossii-uvelichili-maksimalnyy-razmer-posobiya-po-beremennosti-i-rodam.html
Тимофеева призвала ускорить переход на онлайн-продажу ж/д билетов льготникам,15:22,Елена Ботороева,https://www.pnp.ru/social/timofeeva-prizvala-uskorit-perekhod-na-onlayn-prodazhu-zhd-biletov-lgotnikam.html
Толстой: решение по полномочиям делегации России в ПАСЕ примут общим голосованием,15:12,Мария Соколова,https://www.pnp.ru/politics/tolstoy-reshenie-po-polnomochiyam-delegacii-rossii-v-pase-primut-obshhim-golosovaniem.html
Владимир Путин перечислил преимущества ЕГЭ,14:53,Алёна Анисимова,https://www.pnp.ru/social/vladimir-putin-perechislil-preimushhestva-i-nedostatki-ege.html
В Москве установлен температурный рекорд за историю метеонаблюдений,14:49,Елена Ботороева,https://www.pnp.ru/social/v-moskve-ustanovlen-temperaturnyy-rekord-za-istoriyu-meteonablyudeniy.html
Президент предложил ввести институт наставничества для студентов-медиков,14:46,Алёна Анисимова,https://www.pnp.ru/social/prezident-predlozhil-vvesti-institut-nastavnichestva-dlya-studentov-medikov.html
Данные о владении недвижимостью хотят размещать в личном кабинете на «Госуслугах»,14:40,Елена Ботороева,https://www.pnp.ru/social/dannye-o-vladenii-nedvizhimostyu-khotyat-razmeshhat-v-lichnom-kabinete-na-gosuslugakh.html
Спикер Госдумы: попытка принять резолюцию по ситуации с Навальным в ПАСЕ не удалась,14:36,Ольга Шульга ,https://www.pnp.ru/politics/spiker-gosdumy-popytka-prinyat-rezolyuciyu-po-situacii-s-navalnym-v-pase-ne-udalas.html
"Слуцкий: делегация РФ покинет Страсбург, если её полномочия не подтвердятся",14:34,Тамила Аскерова,https://www.pnp.ru/politics/sluckiy-delegaciya-rf-pokinet-strasburg-esli-eyo-polnomochiya-ne-podtverdyatsya.html
"Пандемия не помешает исполнению плана по Десятилетию детства, считает Святенко",14:33,Анна Шушкина,https://www.pnp.ru/politics/pandemiya-ne-pomeshaet-ispolneniyu-plana-po-desyatiletiyu-detstva-schitaet-svyatenko.html
Володин: вице-спикер Госдумы Пётр Толстой утверждён заместителем председателя ПАСЕ,14:31,Ольга Шульга ,https://www.pnp.ru/politics/volodin-vice-spiker-gosdumy-petr-tolstoy-utverzhden-zamestitelem-predsedatelya-pase.html
"Появилась возможность аккуратно снимать ограничения по COVID-19, заявил Путин",14:27,Алёна Анисимова,https://www.pnp.ru/social/putin-poyavilas-vozmozhnost-akkuratno-snimat-ogranicheniya-po-covid-19.html
В 18 регионах России сохраняется опасность схода лавин,14:24,Алёна Анисимова,https://www.pnp.ru/social/v-18-regionakh-rossii-sokhranyaetsya-opasnost-skhoda-lavin.html
Сенаторы готовят систему штрафов для интернет-гигантов за нарушение российских законов,14:23,Никита Вятчанин ,https://www.pnp.ru/politics/senatory-razrabatyvayut-sistemu-shtrafov-dlya-internet-gigantov-za-narushenie-zakonov-rf.html
СМИ: законопроект о штрафах за незаконный сбор пожертвований могут принять в марте,09:50,Юлия  Тихонова ,https://www.pnp.ru/politics/smi-zakonoproekt-o-shtrafakh-za-nezakonnyy-sbor-pozhertvovaniy-mogut-prinyat-v-marte.html
На строительство спортивных объектов в регионах направят 2 млрд рублей,09:44,Марьям Гулалиева,https://www.pnp.ru/social/na-stroitelstvo-sportivnykh-obektov-v-regionakh-napravyat-2-mlrd-rubley.html
В МВД назвали основные причины запрета на въезд в Россию иностранцам ,09:31,Марьям Гулалиева,https://www.pnp.ru/social/v-mvd-nazvali-osnovnye-prichiny-zapreta-na-vezd-v-rossiyu-inostrancam.html
Володин поздравил студентов с Татьяниным днём,09:26,Светлана Заверняева,https://www.pnp.ru/politics/volodin-pozdravil-studentov-s-tatyaninym-dnem-2.html
СМИ: Минтранс не поддержал идею вывести ретромашины из-под действия запрещающих знаков,09:16,Марьям Гулалиева,https://www.pnp.ru/economics/smi-mintrans-ne-podderzhal-ideyu-vyvesti-retromashiny-iz-pod-deystviya-zapreshhayushhikh-znakov.html
Минздрав: существующие лекарства от COVID-19 не подходят новорождённым,09:14,Юлия  Тихонова ,https://www.pnp.ru/social/minzdrav-sushhestvuyushhie-lekarstva-ot-covid-19-ne-podkhodyat-novorozhdennym.html
"Женщинам не следует беременеть три месяца после COVID-19, заявили в Минздраве",08:58,Юлия  Тихонова ,https://www.pnp.ru/social/minzdrav-zhenshhinam-ne-sleduet-beremenet-tri-mesyaca-posle-covid-19.html
В инструкции к российской вакцине от COVID-19 появилось предупреждение для онкобольных ,08:55,Марьям Гулалиева,https://www.pnp.ru/social/v-instrukcii-k-rossiyskoy-vakcine-ot-covid-19-poyavilos-preduprezhdenie-dlya-onkobolnykh.html
В Минздраве заявили об отсутствии доказательств вертикальной передачи COVID-19 ребёнку,08:32,Марьям Гулалиева,https://www.pnp.ru/social/v-minzdrave-zayavili-ob-otsutstvii-dokazatelstv-vertikalnoy-peredachi-covid-19-rebyonku.html
"Время ремонта в жилых домах предложили ограничить до трёх дней в неделю, пишут СМИ ",08:16,Марьям Гулалиева,https://www.pnp.ru/social/vremya-remonta-v-zhilykh-domakh-predlozhili-ogranichit-do-tryokh-dney-v-nedelyu-pishut-smi.html
СМИ: в Италии корректируют план вакцинации от коронавируса ,08:01,Александр  Тараканов,https://www.pnp.ru/in-world/smi-v-italii-korrektiruyut-plan-vakcinacii-ot-koronavirusa.html
Понятие «физкультурно-оздоровительная услуга» предложили прописать в законе,07:40,Ольга Шульга ,https://www.pnp.ru/social/ponyatie-fizkulturno-ozdorovitelnaya-usluga-predlozhili-propisat-v-zakone.html
В России предлагают провести гаражную амнистию,07:00,Ольга Шульга ,https://www.pnp.ru/social/v-rossii-predlagayut-provesti-garazhnuyu-amnistiyu.html
Госзащиту хотят распространить на всех сотрудников Росгвардии,01:27,Дмитрий Гончарук,https://www.pnp.ru/social/goszashhitu-khotyat-rasprostranit-na-vsekh-sotrudnikov-rosgvardii.html
За нарушение компьютерной безопасности предлагают штрафовать,01:22,Дмитрий Гончарук,https://www.pnp.ru/economics/za-narushenie-kompyuternoy-bezopasnosti-predlagayut-shtrafovat.html
102 года назад открылась первая государственная библиотечная сессия в советской России,01:17,Анастасия Яланская,https://www.pnp.ru/social/102-goda-nazad-otkrylas-pervaya-gosudarstvennaya-bibliotechnaya-sessiya-v-sovetskoy-rossii.html
Результаты медосмотров мигрантов занесут в специальный реестр,01:12,Анна Шушкина,https://www.pnp.ru/social/rezultaty-medosmotrov-migrantov-zanesut-v-specialnyy-reestr.html
Минздрав РФ хотят наделить правом согласовывать кандидатуры региональных министров,01:07,Анна Шушкина,https://www.pnp.ru/social/minzdrav-rf-khotyat-nadelit-pravom-soglasovyvat-kandidatury-regionalnykh-ministrov.html
Налоговые вычеты предлагают оформлять через личный кабинет на сайте ФНС,00:47,Анна Шушкина,https://www.pnp.ru/social/nalogovye-vychety-predlagayut-oformlyat-cherez-lichnyy-kabinet-na-sayte-fns.html
Когда Московский государственный университет отмечает день рождения,00:37,Анастасия Яланская,https://www.pnp.ru/social/kogda-moskovskiy-gosudarstvennyy-universitet-otmechaet-den-rozhdeniya.html
Повышенную ставку НДФЛ предлагают применять в отношении дивидендов,19:03,Анна Шушкина,https://www.pnp.ru/economics/povyshennuyu-stavku-ndfl-predlagayut-primenyat-v-otnoshenii-dividendov.html
Госдума рассмотрит кандидатуры в новый состав ЦИК 24 февраля ,18:55,Светлана Заверняева,https://www.pnp.ru/politics/gosduma-rassmotrit-kandidatury-v-novyy-sostav-cik-24-fevralya.html
Минсельхоз не обсуждает дополнительных мер для стабилизации цен,18:52,Елена Ботороева,https://www.pnp.ru/economics/minselkhoz-ne-obsuzhdaet-dopolnitelnykh-mer-dlya-stabilizacii-cen.html
СМИ: врачи призывают ввести в Италии месячный локдаун из-за задержек с поставками вакцины,18:49,Александр  Тараканов,https://www.pnp.ru/social/na-vkhodakh-v-gosdumu-ustanovyat-schityvayushhie-biometriyu-ustroystva.html
В Стамбуле задержали напавшего с ножом на россиян,18:48,Тамила Аскерова,https://www.pnp.ru/in-world/v-stambule-zaderzhali-napavshego-s-nozhom-na-rossiyan.html
В Петербурге обсудят смягчение ограничений по COVID-19,18:46,Алёна Анисимова,https://www.pnp.ru/social/v-peterburge-obsudyat-smyagchenie-ogranicheniy-po-covid-19.html
Россия и США начали практическую работу по вопросу продления ДСНВ,18:24,Алёна Анисимова,https://www.pnp.ru/politics/rossiya-i-ssha-nachali-prakticheskuyu-rabotu-po-voprosu-prodleniya-dsnv.html
Фальков: студентам хотят дать выбор между очным и онлайн-обучением,18:23,Елена Ботороева,https://www.pnp.ru/social/falkov-studentam-khotyat-dat-vybor-mezhdu-ochnym-i-onlayn-obucheniem.html
Россия направит США ноту из-за распространения фейков их интернет-гигантами,18:20,Тамила Аскерова,https://www.pnp.ru/politics/eksperty-rossii-i-ssha-prorabatyvayut-vopros-vozmozhnogo-prodleniya-snv-3.html
Минюст хотят наделить правом доступа к банковской тайне,18:18,Алёна Анисимова,https://www.pnp.ru/politics/minyust-khotyat-nadelit-pravom-dostupa-k-bankovskoy-tayne.html
Проект о налоговом контроле за ценами рекомендован к принятию во втором чтении,18:15,Анна Шушкина,https://www.pnp.ru/politics/proekt-o-nalogovom-kontrole-za-cenami-rekomendovan-k-prinyatiyu-vo-vtorom-chtenii.html
В России предложили ввести единый порядок медосвидетельствования беженцев,18:12,Елена Ботороева,https://www.pnp.ru/social/v-rossii-predlozhili-vvesti-edinyy-poryadok-medosvidetelstvovaniya-bezhencev.html
Кабмин одобрил проект о правилах зачисления в вузы детей сотрудников ОВД,18:07,Тамила Аскерова,https://www.pnp.ru/politics/kabmin-odobril-proekt-o-pravilakh-zachisleniya-v-vuzy-detey-sotrudnikov-ovd.html
Думский комитет выявил свыше 60 фейков о несанкционированных акциях 23 января,17:54,Тамила Аскерова,https://www.pnp.ru/politics/dumskiy-komitet-vyyavil-svyshe-60-feykov-o-nesankcionirovannykh-akciyakh-23-yanvarya.html
В эстонском парламенте сформировали новую правящую коалицию,17:44,Юрий Виноградов,https://www.pnp.ru/politics/v-estonskom-parlamente-sformirovali-novuyu-pravyashhuyu-koaliciyu.html
Госдума 26 января рассмотрит проект о налоговом вычете за занятия спортом,17:38,Светлана Заверняева,https://www.pnp.ru/social/zhukov-26-yanvarya-gosduma-rassmotrit-proekt-o-nalogovom-vychete-za-fizkulturno-ozdorovitelnye-uslugi.html
Арбитражных управляющих привлекут к ответственности за махинации с имуществом должника,17:36,Тамила Аскерова,https://www.pnp.ru/politics/arbitrazhnykh-upravlyayushhikh-privlekut-k-otvetstvennosti-za-makhinacii-s-imushhestvom-dolzhnika.html
Володин напомнит статс-секретарям министерств о необходимости своевременно отвечать на депутатские запросы ,17:27,Ольга Шульга ,https://www.pnp.ru/social/volodin-napomnit-stats-sekretaryam-ministerstv-o-neobkhodimosti-svoevremenno-otvechat-na-deputatskie-zaprosy.html
Володин: в планах строительства нового Парламентского центра пока нет,17:17,Ольга Шульга ,https://www.pnp.ru/politics/volodin-planov-na-stroitelstvo-novogo-parlamentskogo-centra-poka-net.html
Законопроект о гаражной амнистии рассмотрят в первом чтении 26 января,17:14,Светлана Заверняева,https://www.pnp.ru/social/zakonoproekt-o-garazhnoy-amnistii-rassmotryat-v-pervom-chtenii-26-yanvarya.html
Главный спасатель Сербии умер от COVID-19,12:37,"Илья Сокольникас, Белград ",https://www.pnp.ru/politics/glava-sektora-po-chs-mvd-serbii-umer-ot-covid-19.html
В кабмине поддержали проект о защите минимального дохода от взыскания,12:28,Марьям Гулалиева,https://www.pnp.ru/social/v-kabmine-podderzhali-proekt-o-zashhite-minimalnogo-dokhoda-ot-vzyskaniya.html
Кабмин одобрил законопроект о гаражной амнистии с учётом доработки,12:27,Юлия  Тихонова ,https://www.pnp.ru/politics/kabmin-odobril-zakonoproekt-o-garazhnoy-amnistii-s-uchetom-dorabotki.html
Ещё три населённых пункта в Крыму будут получать воду из скважин,12:11,Александр  Мащенко,https://www.pnp.ru/social/eshhyo-tri-naselyonnykh-punkta-v-krymu-budut-poluchat-vodu-iz-skvazhin.html
Заявки от застройщиков на ввоз мигрантов в Россию будут принимать онлайн,12:04,Тамила Аскерова,https://www.pnp.ru/politics/zayavki-ot-zastroyshhikov-na-vvoz-migrantov-v-rossiyu-budut-prinimat-onlayn.html
В законопроекте о штрафах за незаконный сбор пожертвований учтут уловки мошенников,12:03,Евгения Филиппова,https://www.pnp.ru/politics/v-zakonoproekte-o-shtrafakh-za-nezakonnyy-sbor-pozhertvovaniy-uchtut-ulovki-moshennikov.html
Рогозин отреагировал на информацию об отстранении от лунной программы ,12:02,Алёна Анисимова,https://www.pnp.ru/politics/rogozin-otreagiroval-na-informaciyu-ob-otstranenii-ot-lunnoy-programmy.html
Кисляк рассказал о формате участия сенаторов в зимней сессии ПАСЕ,11:48,Юлия  Тихонова ,https://www.pnp.ru/politics/kislyak-pochti-vse-senatory-budut-uchastvovat-v-sessii-pase-udalenno.html
Прокуроры проверят организацию питания в школах после массовых отравлений,11:42,Марьям Гулалиева,https://www.pnp.ru/social/prokurory-proveryat-organizaciyu-pitaniya-v-shkolakh-posle-massovykh-otravleniy.html
Лаборатории по поиску утечек воды начали работать в Крыму,11:31,Александр  Мащенко,https://www.pnp.ru/social/laboratorii-po-poisku-utechek-vody-nachali-rabotat-v-krymu.html
Центризбирком доработает КОИБы перед единым днём голосования,11:19,Алёна Анисимова,https://www.pnp.ru/politics/centrizbirkom-dorabotaet-koiby-pered-edinym-dnyom-golosovaniya.html
В России впервые с ноября выявили менее 20 тысяч случаев заражения коронавирусом,11:10,Алёна Анисимова,https://www.pnp.ru/social/v-rossii-za-sutki-vyyavili-19-290-sluchaev-zarazheniya-koronavirusom.html
СМИ: в России предлагают запретить вывод денег за рубеж по исполнительным листам,11:07,Марьям Гулалиева,https://www.pnp.ru/economics/smi-v-rossii-predlagayut-zapretit-vyvod-deneg-za-rubezh-po-ispolnitelnym-listam.html
"Миллион «умных» счётчиков могут потребовать замены, пишут СМИ",10:55,Юлия  Тихонова ,https://www.pnp.ru/politics/smi-million-umnykh-schetchikov-mogut-potrebovat-zameny.html
В Австрии сообщили о сложной ситуации из-за распространения мутации COVID-19,10:50,"Александр Ходякин, Вена",https://www.pnp.ru/politics/v-avstrii-soobshhili-o-slozhnoy-situacii-iz-za-rasprostraneniya-mutacii-covid-19.html
Роспотребнадзор пока не выявил южноафриканскую мутацию COVID-19 в России,10:37,Юлия  Тихонова ,https://www.pnp.ru/social/rospotrebnadzor-poka-ne-vyyavil-yuzhnoafrikanskuyu-mutaciyu-covid-19-v-rossii.html
Россельхознадзору предлагают дать полномочия по проверке приютов для животных ,10:28,Марьям Гулалиева,https://www.pnp.ru/social/rosselkhoznadzoru-predlagayut-dat-polnomochiya-po-proverke-priyutov-dlya-zhivotnykh.html
"Аксёнов рассказал, как чувствует себя после вакцинации от коронавируса",10:13,Александр  Мащенко,https://www.pnp.ru/social/aksyonov-rasskazal-kak-chuvstvuet-sebya-posle-vakcinacii-ot-koronavirusa.html
В России получили первое фото «британского» штамма коронавируса,10:10,Юлия  Тихонова ,https://www.pnp.ru/social/v-rossii-poluchili-pervoe-v-mire-foto-britanskogo-shtamma-koronavirusa.html
Аксёнов: от жизненной позиции молодёжи во многом зависит будущее,09:56,Александр  Мащенко,https://www.pnp.ru/social/aksyonov-ot-zhiznennoy-pozicii-molodyozhi-vo-mnogom-zavisit-budushhee.html
"Собянин заявил, что эпидемия коронавируса в Москве пошла на спад",14:20,Елена Ботороева,https://www.pnp.ru/social/sobyanin-zayavil-chto-epidemiya-koronavirusa-v-moskve-poshla-na-spad.html
МИД заявил протест США из-за поддержки незаконных акций в России,14:18,Юлия  Тихонова ,https://www.pnp.ru/politics/poslu-ssha-zayavlen-protest-iz-za-podderzhki-nesoglasovannykh-akciy-v-rossii.html
В ПАСЕ оспорили полномочия российской делегации на зимней сессии,14:17,Юлия  Тихонова ,https://www.pnp.ru/politics/polnomochiya-rossiyskoy-delegacii-na-zimney-sessii-v-pase-osporili.html
В Подмосковье увеличили число мест для вакцинации от COVID-19,14:04,Иван Рощепий,https://www.pnp.ru/social/v-podmoskove-uvelichili-chislo-mest-dlya-vakcinacii-ot-covid-19.html
В Совфеде предлагают разработать международную конвенцию о деятельности интернет-гигантов,13:59,Никита Вятчанин ,https://www.pnp.ru/politics/v-sovfede-predlagayut-razrabotat-mezhdunarodnuyu-konvenciyu-o-deyatelnosti-internet-gigantov.html
Сенаторы поддержали соглашение об условиях пребывания Международного инвестиционного банка в России,13:51,Никита Вятчанин ,https://www.pnp.ru/economics/senatory-podderzhali-soglashenie-o-usloviyakh-prebyvaniya-mezhdunarodnogo-investicionnogo-banka-v-rossii.html
Академик рассказал о вакцинации пациентов с онкозаболеваниями,13:50,Алёна Анисимова,https://www.pnp.ru/social/akademik-rasskazal-o-vakcinacii-pacientov-s-onkozabolevaniyami.html
Инфекционист: переболевшим COVID-19 следует прививаться через 6-9 месяцев ,13:50,Марьям Гулалиева,https://www.pnp.ru/social/ekspert-rasskazal-kogda-sleduet-privivatsya-perebolevshim-koronavirusom.html
"Вирусолог рассказал, когда в России снимут ограничения по COVID-19",13:49,Юлия  Тихонова ,https://www.pnp.ru/social/infekcionist-rasskazal-kogda-v-rossii-snimut-ogranicheniya-po-covid-19.html
"Эксперт рассказал, как укрепить иммунитет зимой",13:46,Иван Рощепий,https://www.pnp.ru/social/ekspert-rasskazal-kak-ukrepit-immunitet-zimoy.html
Счётная палата предупредила о риске дефицита продуктов из-за регулирования цен,13:43,Тамила Аскерова,https://www.pnp.ru/politics/schyotnaya-palata-predupredila-o-riske-deficita-produktov-iz-za-regulirovaniya-cen.html
Сенаторы подготовили заявление об угрозе «цифровой диктатуры» на глобальных интернет-платформах,13:28,Никита Вятчанин ,https://www.pnp.ru/politics/senatory-podgotovili-zayavlenie-ob-ugroze-cifrovoy-diktatury-na-globalnykh-internet-platformakh.html
Госдума в ближайшее время рассмотрит проект о запрете изъятия животных за долги,13:23,Тамила Аскерова,https://www.pnp.ru/politics/gosduma-v-blizhayshee-vremya-rassmotrit-proekt-o-zaprete-izyatiya-zhivotnykh-za-dolgi.html
"В МИД рассказали, когда российские туристы смогут летать в Катар",13:21,Юлия  Тихонова ,https://www.pnp.ru/politics/v-mid-rasskazali-kogda-rossiyskie-turisty-smogut-letat-v-katar.html
Синоптик рассказала о завершении периода экстремально тёплой погоды в Москве,13:17,Иван Рощепий,https://www.pnp.ru/social/sinoptik-rasskazala-o-zavershenii-perioda-ekstremalno-tyoploy-pogody-v-moskve.html
Кабмин утвердил план мероприятий по Десятилетию детства,13:04,Марьям Гулалиева,https://www.pnp.ru/social/kabmin-utverdil-plan-meropriyatiy-po-desyatiletiyu-detstva.html
Стратегию развития лесного комплекса доработают к 28 января,12:59,Юлия  Тихонова ,https://www.pnp.ru/politics/strategiyu-razvitiya-lesnogo-kompleksa-dorabotayut-k-28-yanvarya.html
«Авторадио» выходит в эфир из Африки,12:48,Геннадий Мельник,https://www.pnp.ru/social/avtoradio-vykhodit-v-efir-iz-afriki.html
В России на год продлят действие ряда лицензий и разрешений для бизнеса,12:47,Тамила Аскерова,https://www.pnp.ru/politics/v-rossii-na-god-prodlyat-deystvie-ryada-licenziy-i-razresheniy-dlya-biznesa.html
Учёный оценил новое предупреждение в инструкции к российской вакцине,12:41,Алёна Анисимова,https://www.pnp.ru/social/uchyonyy-ocenil-novoe-preduprezhdenie-v-instrukcii-k-rossiyskoy-vakcine.html
В Литве пациенты жалуются на побочные эффекты после вакцинирования,17:11,Юрий Виноградов,https://www.pnp.ru/social/v-litve-pacienty-zhaluyutsya-na-pobochnye-effekty-posle-vakcinirovaniya.html
Госдума 26 января рассмотрит ратификацию соглашения России с Международным инвестиционным банком,17:06,Светлана Заверняева,https://www.pnp.ru/social/gosduma-26-yanvarya-rassmotrit-ratifikaciyu-soglasheniya-rossii-s-mezhdunarodnym-investicionnym-bankom.html
В Литве предлагают продлить карантин до 28 февраля ,17:04,Юрий Виноградов,https://www.pnp.ru/social/v-litve-predlagayut-prodlit-karantin-do-28-fevralya.html
Минфин хочет маркировать реимпортированные в Россию товары,17:03,Алёна Анисимова,https://www.pnp.ru/politics/minfin-khochet-markirovat-reimportirovannye-v-rossiyu-tovary.html
Минкультуры Литвы хочет отвечать на «мягкую силу» других стран,16:58,Юрий Виноградов,https://www.pnp.ru/social/minkultury-litvy-khochet-otvechat-na-myagkuyu-silu-drugikh-stran.html
Климов объяснил критику проекта о просветительской деятельности,16:56,Елена Ботороева,https://www.pnp.ru/social/klimov-obyasnil-kritiku-proekta-o-prosvetitelskoy-deyatelnosti.html
Си Цзиньпин выступил с речью на Давосском форуме,16:51,"Иван Антонов, Пекин",https://www.pnp.ru/politics/si-czinpin-vystupil-s-rechyu-na-davosskom-forume.html
Функции органов пожарного надзора хотят перераспределить,16:42,Юлия  Тихонова ,https://www.pnp.ru/politics/funkcii-organov-pozharnogo-nadzora-khotyat-pereraspredelit.html
Путин поручит проработать меры поддержки научных объединений студентов,16:41,Алёна Анисимова,https://www.pnp.ru/politics/putin-poruchit-prorabotat-mery-podderzhki-nauchnykh-obedineniy-studentov.html
Минобрнауки: студенты в ближайшее время смогут вернуться к очному формату обучения,16:34,Тамила Аскерова,https://www.pnp.ru/social/studenty-v-blizhayshee-vremya-smogut-vernutsya-k-ochnomu-formatu-obucheniya.html
Володин назвал фейком расследование Навального,16:33,Ольга Шульга ,https://www.pnp.ru/politics/volodin-nazval-feykom-rassledovanie-navalnogo.html
Регионы с раздельным сбором отходов предложили финансово стимулировать,16:30,Елена Ботороева,https://www.pnp.ru/social/regiony-s-razdelnym-sborom-otkhodov-predlozhili-finansovo-stimulirovat.html
Путин высказался о незаконных акциях протеста,16:24,Юлия  Тихонова ,https://www.pnp.ru/politics/putin-vyskazalsya-o-nezakonnykh-akciyakh-protesta.html
"Слуцкий уверен, что мандат России в ПАСЕ подтвердят",16:21,Никита Вятчанин ,https://www.pnp.ru/politics/sluckiy-uveren-chto-mandat-rossii-v-pase-podtverdyat.html
Володин: Госдума не оставит без внимания попытки вовлечь детей в несанкционированные митинги,16:19,Ольга Шульга ,https://www.pnp.ru/social/volodin-gosduma-ne-ostavit-bez-vnimaniya-popytki-vovlech-detey-v-nesankcionirovannye-mitingi.html
Спикер Госдумы оценил работу правоохранительных органов на акциях протеста,16:18,Ольга Шульга ,https://www.pnp.ru/social/volodin-ocenil-rabotu-pravookhranitelnykh-organov-na-akciyakh-protesta.html
"Ограничения на шумный ремонт должны определять регионы, считает Павлова",16:14,Анна Шушкина,https://www.pnp.ru/social/ogranicheniya-na-shumnyy-remont-dolzhny-opredelyat-regiony-schitaet-pavlova.html
Косачев: недоброжелателям России не удалось продвинуть свою повестку в ПАСЕ,16:13,Никита Вятчанин ,https://www.pnp.ru/politics/kosachev-nedobrozhelatelyam-rossii-ne-udalos-prodvinut-svoyu-povestku-v-pase.html
"Хинштейн потребовал наказания для полицейского, ударившего женщину в Петербурге",16:10,Виталий Воловатов ,https://www.pnp.ru/politics/khinshteyn-potreboval-nakazaniya-dlya-policeyskogo-udarivshego-zhenshhinu-v-peterburge.html
Косачев назвал условия работы России в ПАСЕ,16:06,Никита Вятчанин ,https://www.pnp.ru/politics/kosachev-nazval-usloviya-raboty-rossii-v-pase.html
